commentId,videoId,videoTitle,channelId,channelTitle,author,authorChannelId,text,publishedAt,updatedAt,likeCount,replyCount,parentId,isReply,text_translated,deepl_detected_source_lang
UgyZlnBVYrLZ-OKydxl4AaABAg,NdmVW44oMMA,[NOUVEAU] Skin Ink - Fond de teint correcteur,UCjgOxNP15FxIYknHYgUBUMQ,L'OrÃ©al Paris France,@ĞĞ»Ğ¸Ğ¼Ğ¿Ğ¸Ñ2996,UCxVJOnXD64LqfpxkkW4bhdQ,Love CarağŸ’™ğŸ’–,2025-09-28T10:16:30Z,2025-09-28T10:16:30Z,0,0,,False,Love CarağŸ’™ğŸ’–ğŸ’–,EN
Ugzexb4w5rwdQKopFw54AaABAg,NdmVW44oMMA,[NOUVEAU] Skin Ink - Fond de teint correcteur,UCjgOxNP15FxIYknHYgUBUMQ,L'OrÃ©al Paris France,@Frenchgirlglam,UCA9Rwst2B9uQYuV1NFyRB1g,Il faut trop que je le teste pour complÃ©ter ma routine combo Revitalift et briht reveal ğŸ˜,2025-08-20T12:01:44Z,2025-08-20T12:01:44Z,0,0,,False,Il faut trop que je le teste pour complÃ©ter ma routine combo Revitalift et briht reveal ğŸ˜,FR
UgyoyA3Bpmy4K8xcTUR4AaABAg,sq91oHD4GR8,[NOUVEAU] INFAILLIBLE LAQUE RESISTANCE - Rouge Ã  lÃ¨vres liquide fini laquÃ©,UCjgOxNP15FxIYknHYgUBUMQ,L'OrÃ©al Paris France,@DiljeetbhardwajSharma,UCuZZLEgA4QWfM7hx1ObQ6yw,OOH BABY FOLLOW UP BAS YUNHI KARTI RAHO TUM TRY AGAIN ğŸ‘€â£ï¸,2025-09-05T11:35:03Z,2025-09-05T11:35:03Z,0,0,,False,OOH BABY FOLLOW UP BAS YUNHI KARTI RAHO TUM TRY AGAIN ğŸ‘€â£ï¸,EN
Ugwof5NenZMMRX4NTGN4AaABAg,sq91oHD4GR8,[NOUVEAU] INFAILLIBLE LAQUE RESISTANCE - Rouge Ã  lÃ¨vres liquide fini laquÃ©,UCjgOxNP15FxIYknHYgUBUMQ,L'OrÃ©al Paris France,@Frenchgirlglam,UCA9Rwst2B9uQYuV1NFyRB1g,Incroyable ğŸ˜®â¤,2025-08-20T11:52:32Z,2025-08-20T11:52:32Z,1,0,,False,Incroyable ğŸ˜®â¤,FR
Ugxdom7vRaoQJODBTZ54AaABAg,1NJosUnbxQk,[LUMI GLOTION] Fluide enlumineur Ã©clat,UCjgOxNP15FxIYknHYgUBUMQ,L'OrÃ©al Paris France,@RoseNoire-v6w,UCRjPXhdlkjLl2gOeRrFOzsA,Waouh ! ğŸ˜,2025-06-02T08:06:49Z,2025-06-02T08:06:49Z,0,0,,False,Waouh ! ğŸ˜,IT
UgxlvRvlYMG8XncS7NN4AaABAg,pSYpjiaxppg,[LUMI GLOTION] Fluide enlumineur Ã©clat,UCjgOxNP15FxIYknHYgUBUMQ,L'OrÃ©al Paris France,@RoseNoire-v6w,UCRjPXhdlkjLl2gOeRrFOzsA,â¤,2025-06-02T08:41:47Z,2025-06-02T08:41:47Z,1,0,,False,â¤,EN
UgxzFP_KdNnC3Vxe-Vp4AaABAg,9NRN9EqK5cY,[LUMI GLOTION] Fluide enlumineur Ã©clat,UCjgOxNP15FxIYknHYgUBUMQ,L'OrÃ©al Paris France,@JustineOrosco,UCnvVdsaIOqndoj5WbrMOuEw,"Bonjour, je mâ€™appelle Justin toi ta sÅ“ur câ€™est moi ta femme de toi IDL",2025-07-23T20:23:38Z,2025-07-23T20:23:38Z,1,0,,False,"Bonjour, je mâ€™appelle Justin toi ta sÅ“ur câ€™est moi ta femme de toi IDL",FR
Ugwge0MRfVPyQMGd2N94AaABAg,9NRN9EqK5cY,[LUMI GLOTION] Fluide enlumineur Ã©clat,UCjgOxNP15FxIYknHYgUBUMQ,L'OrÃ©al Paris France,@JustineOrosco,UCnvVdsaIOqndoj5WbrMOuEw,JUSTNIE â¤â¤â¤â¤â¤ğŸ‘©ğŸ‡«ğŸ‡·ğŸ‡ªğŸ‡¸ğŸ’‹ğŸ’‹,2025-07-23T20:19:31Z,2025-07-23T20:19:31Z,1,0,,False,JUSTNIE â¤â¤â¤â¤â¤ğŸ‘©ğŸ‡«ğŸ‡·ğŸ‡ªğŸ‡¸ğŸ’‹ğŸ’‹ğŸ’‹,EN
UgwNFZCDfH87v3HzeHF4AaABAg,r6kxiOJxrn0,[LESSON OF WORTH] EVA LONGORIA,UCjgOxNP15FxIYknHYgUBUMQ,L'OrÃ©al Paris France,@simeondavid9537,UCOcFu8a6Fo5DGtocJy9djIw,I love you â¤â¤â¤â¤,2025-09-29T18:28:42Z,2025-09-29T18:28:42Z,0,0,,False,Je t'aime â¤â¤â¤â¤,EN
Ugx7ggKXFntIzbEDeD54AaABAg,N42nUsX889U,[NOUVEAU] Huile Ã  lÃ¨vres repulpante Plump Ambition ğŸ’„âœ¨ğŸ©· de Lâ€™OrÃ©al Paris,UCjgOxNP15FxIYknHYgUBUMQ,L'OrÃ©al Paris France,@Devienterprises-g1l,UCpPwlUbpmff1wsnGS_Kz0Iw,FranÃ§ais (France),2025-08-27T15:32:50Z,2025-08-27T15:32:50Z,1,0,,False,FranÃ§ais (France),FR
UgzbKEH8KY8JQn574f94AaABAg,6dpJjSgd0Ow,Nouveau Revitalift Filler : la peau est repulpÃ©e pour 7 jours.,UCjgOxNP15FxIYknHYgUBUMQ,L'OrÃ©al Paris France,@Frenchgirlglam,UCA9Rwst2B9uQYuV1NFyRB1g,â˜ºï¸ hÃ¢te de le tester,2025-08-03T19:03:03Z,2025-08-03T19:03:03Z,0,0,,False,â˜ºï¸ hÃ¢te de le tester,FR
UgzjhgUZKWNq9ZBXGfJ4AaABAg,6dpJjSgd0Ow,Nouveau Revitalift Filler : la peau est repulpÃ©e pour 7 jours.,UCjgOxNP15FxIYknHYgUBUMQ,L'OrÃ©al Paris France,@Ilisan-al-gaib,UCv6fHWIPBx8gBlLEfoj5yJA,"What a great innovation, always giving the best. Great products. Greetings from Chile ğŸ‘Œ",2025-04-08T03:19:48Z,2025-04-08T03:19:48Z,1,0,,False,"Quelle grande innovation, toujours le meilleur. Excellents produits. Salutations du Chili ğŸ‘Œ",EN
UgxhDSpG8EnY8RizKC14AaABAg,6dpJjSgd0Ow,Nouveau Revitalift Filler : la peau est repulpÃ©e pour 7 jours.,UCjgOxNP15FxIYknHYgUBUMQ,L'OrÃ©al Paris France,@lisasatiyem545,UCBgX6U8wdCJQTH5yhyi7lfA,"I&#39;m in Paris, but could not find a shop that sells complete products of l&#39;oreal paris, except on-line. I&#39;m not a fan of online shopping, especially for skin &amp; / make up products. Some direct me to NocibÃ© chain of retailer, but they do not carry much of l&#39;oreal.",2025-01-23T18:37:44Z,2025-01-23T18:37:44Z,0,0,,False,"Je suis Ã  Paris, mais je n'ai pas trouvÃ© de magasin qui vende les produits complets de l&#39;oreal paris, sauf en ligne. Je ne suis pas une adepte des achats en ligne, surtout pour les produits de maquillage et de soin de la peau. Certains me dirigent vers la chaÃ®ne de dÃ©taillants NocibÃ©, mais ils ne vendent pas beaucoup de l&#39;oreal.",EN
UgyOrz3RQ16Ar0NL5ux4AaABAg,iMZkqFrDWQE,ELNETT - LAQUE MICRO-DIFFUSION,UCjgOxNP15FxIYknHYgUBUMQ,L'OrÃ©al Paris France,@MariaDeSousa-wv9zt,UCnhx4fxhL4klU3FPgN9T78g,La seule que j&#39;ai utilisÃ© depuis combien d&#39;annÃ©es 30 ans 40 je sais plus,2024-12-19T08:44:26Z,2024-12-19T08:44:26Z,0,0,,False,La seule que j&#39;ai utilisÃ© depuis combien d&#39;annÃ©es 30 ans 40 je sais plus,FR
UgyjxUpl-q07EKbNYUZ4AaABAg,1Fx03jJ452s,[MOVEMBER x L&#39;OREAL MEN EXPERT],UCjgOxNP15FxIYknHYgUBUMQ,L'OrÃ©al Paris France,@AlbinoMpott,UC_6z8SFrb0pt4B7tHxBqD8g,l love L&#39;oreal â¤,2024-12-26T04:43:18Z,2024-12-26T04:43:18Z,0,0,,False,j'aime L&#39;oreal â¤,EN
Ugxt9jRpg0-Cj9N6KDJ4AaABAg,peKaDI92SFQ,"[MOVEMBER x L&#39;OREAL MEN EXPERT ] En avoir, c&#39;est savoir en parler !",UCjgOxNP15FxIYknHYgUBUMQ,L'OrÃ©al Paris France,@LaydAnime,UCpnPq3EVJKKkX065w383DSA,3uh commen ca avoir des coui!!es,2024-11-17T09:35:17Z,2024-11-17T09:35:17Z,0,0,,False,3uh commen ca avoir des coui!!es,FR
Ugy09p29t8foDYJYILx4AaABAg,LzToEW0rVVc,[MOVEMBER x L&#39;OREAL MEN EXPERT] Sensibilisation SantÃ© des hommes !,UCjgOxNP15FxIYknHYgUBUMQ,L'OrÃ©al Paris France,@alexlemarketeur,UC08VkbVjI5gMzy4nCnDi7ug,Enfin du marketing qui se soucie des hommes. Mais pour le moment on dirait que personne n&#39;en a rien Ã  foutre,2024-11-08T21:12:46Z,2024-11-08T21:12:46Z,0,0,,False,Enfin du marketing qui se soucie des hommes. Mais pour le moment on dirait que personne n&#39;en a rien Ã  foutre,FR
UgxW_fAEJGmj3h2Na1p4AaABAg,xjCmsvA6vgE,[MOVEMBER x L&#39;OREAL MEN EXPERT] Un seul mot suffit..,UCjgOxNP15FxIYknHYgUBUMQ,L'OrÃ©al Paris France,@Imotep,UCc40U3g1HifE-PY7F6HmFaQ,Bonjour. Je reviens plus tard.,2024-11-08T20:23:09Z,2024-11-08T20:23:09Z,1,0,,False,Bonjour. Je reviens plus tard.,FR
UgzHi_KlffE-R5Izdmh4AaABAg,ZCO6u59DRSo,[INFAILLIBLE] Le fond de teint en poudre,UCjgOxNP15FxIYknHYgUBUMQ,L'OrÃ©al Paris France,@JustineOrosco,UCnvVdsaIOqndoj5WbrMOuEw,JUSTNIE ğŸ’‹ğŸ’‹ğŸ’‹ğŸ’‹ğŸ’‹ğŸ’‹ğŸ‡«ğŸ‡·,2025-07-23T20:20:15Z,2025-07-23T20:20:15Z,1,0,,False,JUSTNIE ğŸ’‹ğŸ’‹ğŸ’‹ğŸ’‹ğŸ’‹ğŸ’‹ğŸ‡«ğŸ‡·,EN
Ugy__AfJmb3WY63mRJB4AaABAg,ZCO6u59DRSo,[INFAILLIBLE] Le fond de teint en poudre,UCjgOxNP15FxIYknHYgUBUMQ,L'OrÃ©al Paris France,@eliseelegre9221,UCjeIKJjnLkPknC7hvar0cvw,Je sais pas vous mais moi j&#39;adore les pub L&#39;OrÃ©al â¤,2024-12-08T19:49:23Z,2024-12-08T19:49:23Z,1,0,,False,Je sais pas vous mais moi j&#39;adore les pub L&#39;OrÃ©al â¤,FR
Ugxjjh50tj7ccGsJ0eV4AaABAg,ZCO6u59DRSo,[INFAILLIBLE] Le fond de teint en poudre,UCjgOxNP15FxIYknHYgUBUMQ,L'OrÃ©al Paris France,@bimbamboum456,UCLJrGq__F4TsI4yBnC_ZtPQ,"atroce ,marque les rides,les imperfections atroce le pire achat que j ai pu faire",2024-11-10T15:16:50Z,2024-11-10T15:16:50Z,1,0,,False,"atroce ,marque les rides,les imperfections atroce le pire achat que j ai pu faire",FR
UgxpSR9o4S3la3p7JHt4AaABAg,LmypRT0odiQ,Coloration sourcils semi-permanente Brow Color de l&#39;OrÃ©al Paris,UCjgOxNP15FxIYknHYgUBUMQ,L'OrÃ©al Paris France,@paulleger1417,UC_vkpIqv5HPJbxqhvL4j0fg,On met tout le tube<br>Merci,2024-10-27T12:21:02Z,2024-10-27T12:21:02Z,1,1,,False,On met tout le tube<br>Merci,FR
Ugz-UnnJct33SYowzOV4AaABAg,7_lyTy7zQT0,Coloration sourcils semi-permanente Brow Color de l&#39;OrÃ©al Paris,UCjgOxNP15FxIYknHYgUBUMQ,L'OrÃ©al Paris France,@porteghislaine2940,UCBQQbgwUkNUmtSgUrT_V9wg,Il faudrai aussi des postiches de sourcils ...de faux sourcils a poser..pensez y! Vous serez les premiers.,2025-09-29T18:49:39Z,2025-09-29T18:49:39Z,0,0,,False,Il faudrai aussi des postiches de sourcils ...de faux sourcils a poser..pensez y! Vous serez les premiers.,FR
UgypmvjO4AD0GH_dlYh4AaABAg,rSAgYzTQBMQ,[DREAM LONG] Cheveux lisses ou bouclÃ©s ? Donnez du style Ã  vos longueurs !,UCjgOxNP15FxIYknHYgUBUMQ,L'OrÃ©al Paris France,@GhitaAm-b8j,UCIDnfnN10ZmtBQCyAM54-xQ,Est-ce qu&#39;il y a un autre produit pour avoir des cheveux lisses,2024-11-30T18:37:07Z,2024-11-30T18:37:07Z,0,0,,False,Est-ce qu&#39;il y a un autre produit pour avoir des cheveux lisses,FR
UgxB52FVn4RMtHQKLtB4AaABAg,scEqKa87i4M,Le DÃ©filÃ© &quot;Worth it&quot; L&#39;OrÃ©al Paris 2024,UCjgOxNP15FxIYknHYgUBUMQ,L'OrÃ©al Paris France,@Chromachanel,UC5DIGpg2NuKki813uDvBoUw,Love kendall,2025-02-19T14:50:52Z,2025-02-19T14:50:52Z,0,0,,False,J'aime Kendall,TR
UgwNg1llaoB792vj_Fh4AaABAg,J6uJO1pKVa8,Calendrier De Lâ€™avent 2024! CÃ©lÃ©brez les FÃªtes avec lâ€™OrÃ©al Paris âœ¨,UCjgOxNP15FxIYknHYgUBUMQ,L'OrÃ©al Paris France,@vangdo1922,UCEVBWQ1JGEAMU676PY8KVpA,L&#39;OrÃ©al Paris ImageÂ <br>This is a contest for everyone in the world to tell their L&#39;OrÃ©al Paris life by video clips and photos posted on social networks. They have to design their daily routines and their images with L&#39;OrÃ©al Paris products. Later L&#39;OrÃ©al Paris will choose suitable people for L&#39;OrÃ©al Paris Runway. Tell your true L&#39;OrÃ©al Paris Runway.â¤,2024-11-19T03:47:05Z,2024-11-19T03:47:05Z,0,0,,False,"L&#39;OrÃ©al Paris Image <br>Ce concours permet Ã  chacun dans le monde de raconter sa vie chez L&#39;OrÃ©al Paris par le biais de clips vidÃ©o et de photos postÃ©s sur les rÃ©seaux sociaux. Ils doivent concevoir leurs habitudes quotidiennes et leurs images avec des produits L&#39;OrÃ©al Paris. Plus tard, L&#39;OrÃ©al Paris choisira les personnes appropriÃ©es pour le dÃ©filÃ© L&#39;OrÃ©al Paris. Racontez votre vrai L&#39;OrÃ©al Paris Runway.â¤",EN
Ugx5EtQ1AFYbS-NnYRR4AaABAg,KNg12i9EmcQ,Calendrier De Lâ€™avent 2024! CÃ©lÃ©brez les FÃªtes avec lâ€™OrÃ©al Paris âœ¨,UCjgOxNP15FxIYknHYgUBUMQ,L'OrÃ©al Paris France,@DHARMENDRASHARMA-k3u1t,UCpCCWVZi6kiAUzw4gv1r75Q,Hacking Karne Se Email ID change hoti or phir bhi Seekhna hai jee Searching karo orbAbhi Se Sahi kaha hai jee,2025-02-23T21:54:45Z,2025-02-23T21:54:45Z,0,0,,False,Hacking Karne Se Email ID change hoti or phir bhi Seekhna hai jee Searching karo orbAbhi Se Sahi kaha hai jee,ET
UgyEJFOtDRB7AtIpt054AaABAg,wwfGFt7T7YU,[ELSEVE DREAM LONG] Masque-Fibres XXL : un complexe au pro-collagÃ¨ne pour des longueurs plus saines!,UCjgOxNP15FxIYknHYgUBUMQ,L'OrÃ©al Paris France,@Beautiful-life-fr,UCGmrV53r6ma_7hfwnO7pg6w,Aimez ma page ğŸ’–ğŸ¤—ğŸ‘ğŸ¼,2025-04-19T16:51:02Z,2025-04-19T16:51:02Z,0,0,,False,Aimez ma page ğŸ’–ğŸ¤—ğŸ‘ğŸ¼,PL
UgzEA_OQPz1OiQhxabR4AaABAg,wwfGFt7T7YU,[ELSEVE DREAM LONG] Masque-Fibres XXL : un complexe au pro-collagÃ¨ne pour des longueurs plus saines!,UCjgOxNP15FxIYknHYgUBUMQ,L'OrÃ©al Paris France,@BlertaKastrati-e8l,UCE8iP5V9bGn_EbqJIBRhDqg,SHUMÃ‹ TE BUKURA ME OPERACIONE PLASTIKE LIKE,2024-10-05T03:54:10Z,2024-10-05T03:54:10Z,0,0,,False,SHUMÃ‹ TE BUKURA ME OPERACIONE PLASTIKE LIKE,SL
UgwnO_dyehryGRqqqF14AaABAg,gEMdG6zJ36w,[Lâ€™ORÃ‰AL POUR LE FUTUR] Notre partenariat avec Womenâ€™s Earth Alliance,UCjgOxNP15FxIYknHYgUBUMQ,L'OrÃ©al Paris France,@joanna.bellacara,UClA4q2Put1l1uMyF9yGnuaw,ğŸ”¥ the power of woman is great! â¤â€ğŸ”¥,2025-02-14T11:14:54Z,2025-02-14T11:14:54Z,0,0,,False,ğŸ”¥ le pouvoir des femmes est grand ! â¤â€ğŸ”¥,EN
UgwTLxGmgJ77-JhA-LF4AaABAg,gEMdG6zJ36w,[Lâ€™ORÃ‰AL POUR LE FUTUR] Notre partenariat avec Womenâ€™s Earth Alliance,UCjgOxNP15FxIYknHYgUBUMQ,L'OrÃ©al Paris France,@inshaallahyus,UC4gw-Xx6qLwUKn6y4SxDMmg,Waouh this is wonderful ğŸ˜ŠğŸ‘ğŸ¿ğŸ˜Š,2024-11-22T01:35:59Z,2024-11-22T01:35:59Z,1,0,,False,Waouh c'est merveilleux ğŸ˜ŠğŸ‘ğŸ¿ğŸ˜Š,EN
UgyCyS-qRo5R7ZtRBaF4AaABAg,gEMdG6zJ36w,[Lâ€™ORÃ‰AL POUR LE FUTUR] Notre partenariat avec Womenâ€™s Earth Alliance,UCjgOxNP15FxIYknHYgUBUMQ,L'OrÃ©al Paris France,@raulluna6659,UCcfUCGVZxm1B__hKjrl14Jw,â¤ï¸ BELINDA â¤ï¸,2024-09-24T01:46:20Z,2024-09-24T01:46:20Z,0,0,,False,â¤ï¸ BELINDA â¤ï¸,FR
UgxlylUH6PgG03ELNuZ4AaABAg,gEMdG6zJ36w,[Lâ€™ORÃ‰AL POUR LE FUTUR] Notre partenariat avec Womenâ€™s Earth Alliance,UCjgOxNP15FxIYknHYgUBUMQ,L'OrÃ©al Paris France,@dinerooros,UCNOyvu0ud6Icgn96njFbang,beautiful woman,2024-09-16T03:01:19Z,2024-09-16T03:01:19Z,0,0,,False,belle femme,EN
UgwA4ZlcG9Hddn8DQ154AaABAg,gEMdG6zJ36w,[Lâ€™ORÃ‰AL POUR LE FUTUR] Notre partenariat avec Womenâ€™s Earth Alliance,UCjgOxNP15FxIYknHYgUBUMQ,L'OrÃ©al Paris France,@saidameziani7297,UCD9ilE15ERULUYbgsQrY9Bw,â¤â¤â¤â¤â¤â¤â¤â¤â¤â¤ SaÃ¯d,2024-07-05T03:29:13Z,2024-07-05T03:29:13Z,2,0,,False,â¤â¤â¤â¤â¤â¤â¤â¤â¤â¤ SaÃ¯d,FR
UgznrWeJxp9Wl6xt92d4AaABAg,gEMdG6zJ36w,[Lâ€™ORÃ‰AL POUR LE FUTUR] Notre partenariat avec Womenâ€™s Earth Alliance,UCjgOxNP15FxIYknHYgUBUMQ,L'OrÃ©al Paris France,@ivania321,UCVHJ-8pabmVleVvpnUJdemA,When women thrive the world thrives â¤ âœŒğŸ¼letâ€™s go more women co-ops and global relationships â¤,2024-07-04T16:42:38Z,2024-07-04T16:42:38Z,2,0,,False,"Lorsque les femmes prospÃ¨rent, le monde prospÃ¨re â¤ âœŒğŸ¼let's go more women co-ops and global relationships â¤",EN
Ugx1sBUY9FW7aTIsx4R4AaABAg,NLoygW5b9rA,[Lâ€™ORÃ‰AL POUR LE FUTUR] Parce que notre planÃ¨te le vaut bien,UCjgOxNP15FxIYknHYgUBUMQ,L'OrÃ©al Paris France,@gostreiver8036,UC27mvtV69pBjqr1xKlUM3_A,â€œOstensible control over the knowable by making institutionalized science the only true path to understandingâ€,2025-02-03T01:58:19Z,2025-02-03T01:58:19Z,0,0,,False,"""Le contrÃ´le ostensible sur le connaissable en faisant de la science institutionnalisÃ©e le seul vÃ©ritable chemin vers la comprÃ©hension",EN
UgwoMQo1uBELm1EFyjd4AaABAg,NLoygW5b9rA,[Lâ€™ORÃ‰AL POUR LE FUTUR] Parce que notre planÃ¨te le vaut bien,UCjgOxNP15FxIYknHYgUBUMQ,L'OrÃ©al Paris France,@saidameziani7297,UCD9ilE15ERULUYbgsQrY9Bw,â¤â¤â¤â¤â¤â¤â¤â¤â¤ SaÃ¯d,2024-07-05T03:30:25Z,2024-07-05T03:30:25Z,2,0,,False,â¤â¤â¤â¤â¤â¤â¤â¤â¤ SaÃ¯d,FR
UgzI_KvuH0aSPzXdBq94AaABAg,NLoygW5b9rA,[Lâ€™ORÃ‰AL POUR LE FUTUR] Parce que notre planÃ¨te le vaut bien,UCjgOxNP15FxIYknHYgUBUMQ,L'OrÃ©al Paris France,@ivania321,UCVHJ-8pabmVleVvpnUJdemA,â¤â¤â¤â¤â¤,2024-07-04T16:44:42Z,2024-07-04T16:44:42Z,2,0,,False,â¤â¤â¤â¤â¤,EN
UgzgFrFU1zcJrg22b2t4AaABAg,KkpE2O7zFvc,[Lâ€™ORÃ‰AL POUR LE FUTUR] Les femmes et le climat,UCjgOxNP15FxIYknHYgUBUMQ,L'OrÃ©al Paris France,@saidameziani7297,UCD9ilE15ERULUYbgsQrY9Bw,â¤â¤â¤â¤â¤â¤â¤â¤â¤â¤ SaÃ¯d,2024-07-05T03:29:45Z,2024-07-05T03:29:45Z,1,0,,False,â¤â¤â¤â¤â¤â¤â¤â¤â¤â¤ SaÃ¯d,FR
Ugyh_19bWFkhfyRcAhx4AaABAg,h-Oqxb9aBXo,[Lâ€™ORÃ‰AL POUR LE FUTUR] Les engagements de Lâ€™OrÃ©al Paris pour lâ€™environnement,UCjgOxNP15FxIYknHYgUBUMQ,L'OrÃ©al Paris France,@ivania321,UCVHJ-8pabmVleVvpnUJdemA,From Costa Rica ğŸ‡¨ğŸ‡· I scream from the top of my lungs OUR PLANET IS WORTH IT :),2024-07-04T16:28:36Z,2024-07-04T16:29:22Z,0,0,,False,Du Costa Rica ğŸ‡¨ğŸ‡· Je crie Ã  pleins poumons que NOTRE PLANÃˆTE EN VAUT la peine :),EN
UgyCmausewvyGdU2mKd4AaABAg,aiyA_ZiHvGc,[BRIGHT REVEAL] Guide d&#39;utilisation,UCjgOxNP15FxIYknHYgUBUMQ,L'OrÃ©al Paris France,@MÃ©limÃ©lia-i8o,UCOk-e5nH7safQkwauF3p4Hg,Aucun produit ne marche Ã  part un traitement chez un vrai dermatologue,2024-07-14T18:36:35Z,2024-07-14T18:36:35Z,0,0,,False,Aucun produit ne marche Ã  part un traitement chez un vrai dermatologue,FR
UgynSbBSrYD201YamGt4AaABAg,aiyA_ZiHvGc,[BRIGHT REVEAL] Guide d&#39;utilisation,UCjgOxNP15FxIYknHYgUBUMQ,L'OrÃ©al Paris France,@saidameziani7297,UCD9ilE15ERULUYbgsQrY9Bw,â¤â¤â¤â¤â¤â¤â¤â¤â¤â¤â¤ SaÃ¯da,2024-07-05T03:45:26Z,2024-07-05T03:45:26Z,0,0,,False,â¤â¤â¤â¤â¤â¤â¤â¤â¤â¤â¤ SaÃ¯da,FR
Ugwdk7WQhN-FwK6kg5p4AaABAg,-iMrCe_6KGA,"[BRIGHT REVEAL] Le protocole, Ã©tape par Ã©tape",UCjgOxNP15FxIYknHYgUBUMQ,L'OrÃ©al Paris France,@saidameziani7297,UCD9ilE15ERULUYbgsQrY9Bw,â¤â¤â¤â¤â¤â¤â¤â¤ SaÃ¯da,2024-07-05T03:45:09Z,2024-07-05T03:45:09Z,1,0,,False,â¤â¤â¤â¤â¤â¤â¤â¤ SaÃ¯da,FR
UgzX0VJVq0u6kyvduaB4AaABAg,-iMrCe_6KGA,"[BRIGHT REVEAL] Le protocole, Ã©tape par Ã©tape",UCjgOxNP15FxIYknHYgUBUMQ,L'OrÃ©al Paris France,@chloÃ©-p5q,UC-S0OyBmFXQfbpxz8ET9cdQ,why did you whited eva longoria,2024-06-29T22:30:32Z,2024-06-29T22:30:32Z,0,0,,False,pourquoi avoir blanchi eva longoria,EN
UgySD_vi-pl1eKwJRvZ4AaABAg,-iMrCe_6KGA,"[BRIGHT REVEAL] Le protocole, Ã©tape par Ã©tape",UCjgOxNP15FxIYknHYgUBUMQ,L'OrÃ©al Paris France,@MariaDeSousa-wv9zt,UCnhx4fxhL4klU3FPgN9T78g,Je l&#39;ai achetÃ© aujourd&#39;hui on verra bien,2024-06-11T18:22:32Z,2024-06-11T18:22:32Z,0,0,,False,Je l&#39;ai achetÃ© aujourd&#39;hui on verra bien,FR
UgyZh97e1vRBVekA1w94AaABAg,XJl0XW9h8GI,[MEN EXPERT] Peau fatiguÃ©e ? Reprenez l&#39;avantage avec le SÃ©rum Hydra Energetic,UCjgOxNP15FxIYknHYgUBUMQ,L'OrÃ©al Paris France,@rayazrayaz1188,UCsCABykamlkW0wyrzaZsROg,Il laisse Ã  la fin quant il se sÃ¨che comme la peau morte sur le visage je ne sais pas pourquoi je lâ€™ai acheter aujourdâ€™hui Ã  Leclerc,2025-05-21T13:43:32Z,2025-05-21T13:43:32Z,0,0,,False,Il laisse Ã  la fin quant il se sÃ¨che comme la peau morte sur le visage je ne sais pas pourquoi je lâ€™ai acheter aujourdâ€™hui Ã  Leclerc,FR
UgwFfpFou5t2QOuB61x4AaABAg,XJl0XW9h8GI,[MEN EXPERT] Peau fatiguÃ©e ? Reprenez l&#39;avantage avec le SÃ©rum Hydra Energetic,UCjgOxNP15FxIYknHYgUBUMQ,L'OrÃ©al Paris France,@TouitaCherifa,UCy8Qt04RsOgWvPL2SolwQhw,C&#39;est combien le prix slvp,2025-03-27T22:39:01Z,2025-03-27T22:39:01Z,0,0,,False,C&#39;est combien le prix slvp,FR
Ugwn6-wlNNCzGNgVhsR4AaABAg,XJl0XW9h8GI,[MEN EXPERT] Peau fatiguÃ©e ? Reprenez l&#39;avantage avec le SÃ©rum Hydra Energetic,UCjgOxNP15FxIYknHYgUBUMQ,L'OrÃ©al Paris France,@dinerooros,UCNOyvu0ud6Icgn96njFbang,bello,2024-09-18T07:04:48Z,2024-09-18T07:04:48Z,0,0,,False,agrÃ©able,IT
Ugz7cTLDa4WDcYccjWd4AaABAg,XJl0XW9h8GI,[MEN EXPERT] Peau fatiguÃ©e ? Reprenez l&#39;avantage avec le SÃ©rum Hydra Energetic,UCjgOxNP15FxIYknHYgUBUMQ,L'OrÃ©al Paris France,@dinerooros,UCNOyvu0ud6Icgn96njFbang,guapoo handsome boy beautiful,2024-09-16T03:00:53Z,2024-09-16T03:00:53Z,0,0,,False,guapoo beau garÃ§on beau,EN
UgwnulrcdNuCZp_HnTt4AaABAg,XJl0XW9h8GI,[MEN EXPERT] Peau fatiguÃ©e ? Reprenez l&#39;avantage avec le SÃ©rum Hydra Energetic,UCjgOxNP15FxIYknHYgUBUMQ,L'OrÃ©al Paris France,@saidameziani7297,UCD9ilE15ERULUYbgsQrY9Bw,â¤â¤â¤â¤â¤â¤â¤â¤â¤ SaÃ¯d,2024-07-05T03:23:37Z,2024-07-05T03:23:37Z,2,0,,False,â¤â¤â¤â¤â¤â¤â¤â¤â¤ SaÃ¯d,FR
Ugx4MkcQ4I9NvPJfJRh4AaABAg,XJl0XW9h8GI,[MEN EXPERT] Peau fatiguÃ©e ? Reprenez l&#39;avantage avec le SÃ©rum Hydra Energetic,UCjgOxNP15FxIYknHYgUBUMQ,L'OrÃ©al Paris France,@laurabarithel8988,UCh6XyioTHmHksIEZk3Nj4yg,"A part Ntamack, qui sont les autres ?",2024-06-17T19:54:15Z,2024-06-17T19:54:15Z,1,0,,False,"A part Ntamack, qui sont les autres ?",FR
UgyMOXJVGhFXEaTf9dl4AaABAg,XJl0XW9h8GI,[MEN EXPERT] Peau fatiguÃ©e ? Reprenez l&#39;avantage avec le SÃ©rum Hydra Energetic,UCjgOxNP15FxIYknHYgUBUMQ,L'OrÃ©al Paris France,@JehanTHOMAS,UC4Yk1JDJmoxNuk1ypSuftqw,"C&#39;est Marcos Llorente Ã  <a href=""https://www.youtube.com/watch?v=XJl0XW9h8GI&amp;t=11"">0:11</a> ? Excellent j&#39;adore ce joueur.",2024-06-11T09:48:56Z,2024-06-11T09:48:56Z,1,0,,False,"C&#39;est Marcos Llorente Ã  <a href=""https://www.youtube.com/watch?v=XJl0XW9h8GI&amp;t=11"">0:11</a> ? Excellent j&#39;adore ce joueur.",FR
UgzCvvI-NLjA94BmPS14AaABAg,ft_CYF4K-Cg,[BRIGHT REVEAL] SÃ©rum Anti-Taches et Fluide Anti-UV SPF 50+,UCjgOxNP15FxIYknHYgUBUMQ,L'OrÃ©al Paris France,@saidameziani7297,UCD9ilE15ERULUYbgsQrY9Bw,â¤â¤â¤â¤â¤â¤â¤â¤â¤â¤â¤ said,2024-07-05T03:23:14Z,2024-07-05T03:23:14Z,2,0,,False,â¤â¤â¤â¤â¤â¤â¤â¤â¤â¤â¤ a dit,FI
UgzwHPf60IVP0rPRBNR4AaABAg,WxCLPIoLc88,[BRIGHT REVEAL] SÃ©rum Anti-Taches et Fluide Anti-UV SPF 50+,UCjgOxNP15FxIYknHYgUBUMQ,L'OrÃ©al Paris France,@Hapsat221,UCpX5SSQZ5smrczj9e8jCwrA,Elle est trÃ¨s belle cette jeune femmeğŸ˜ğŸ˜,2024-06-28T12:57:27Z,2024-06-28T12:57:27Z,1,0,,False,Elle est trÃ¨s belle cette jeune femmeğŸ˜ğŸ˜,FR
Ugwtq_IC09Xy0EuFDlN4AaABAg,5SRwRhH3sUM,[MAGIC RETOUCH] 3 secondes pour des racines impeccables,UCjgOxNP15FxIYknHYgUBUMQ,L'OrÃ©al Paris France,@saidameziani7297,UCD9ilE15ERULUYbgsQrY9Bw,â¤â¤â¤â¤â¤â¤â¤â¤â¤â¤â¤ said,2024-07-05T03:24:22Z,2024-07-05T03:24:22Z,1,0,,False,â¤â¤â¤â¤â¤â¤â¤â¤â¤â¤â¤ a dit,FI
Ugzou49_cVOQoS-1gKl4AaABAg,WnxCAH6tU_4,[MAGIC RETOUCH] 3 secondes pour des racines impeccables,UCjgOxNP15FxIYknHYgUBUMQ,L'OrÃ©al Paris France,@ZinaBenzaid,UCZ6wCUPCcOBWeFKaICPjuEg,C&#39;est qoi la couleur de ses cheveux celle qui est habillÃ©e en rose,2024-07-11T11:49:47Z,2024-07-11T11:49:47Z,1,0,,False,C&#39;est qoi la couleur de ses cheveux celle qui est habillÃ©e en rose,FR
Ugx525Xt2dySbL750Wh4AaABAg,WnxCAH6tU_4,[MAGIC RETOUCH] 3 secondes pour des racines impeccables,UCjgOxNP15FxIYknHYgUBUMQ,L'OrÃ©al Paris France,@saidameziani7297,UCD9ilE15ERULUYbgsQrY9Bw,â¤â¤â¤â¤â¤â¤â¤â¤â¤â¤ SaÃ¯d,2024-07-05T03:23:57Z,2024-07-05T03:23:57Z,2,0,,False,â¤â¤â¤â¤â¤â¤â¤â¤â¤â¤ SaÃ¯d,FR
UgziZuAi19lp82Sg8gF4AaABAg,UJEYWipECEM,[MEN EXPERT] Peau fatiguÃ©e ? Reprenez l&#39;avantage avec le SÃ©rum Hydra Energetic,UCjgOxNP15FxIYknHYgUBUMQ,L'OrÃ©al Paris France,@decebaltrandafir,UCtu5uptJVmkGI1QJoud06Gw,That serum should be incapsulated otherwise you need to use lots of chemicals to stabilize the formula. ğŸ˜¢,2025-01-02T09:28:22Z,2025-01-02T09:28:22Z,0,0,,False,"Ce sÃ©rum doit Ãªtre incapsulÃ©, sinon il faut utiliser beaucoup de produits chimiques pour stabiliser la formule. ğŸ˜¢",EN
UgwWdAeR_iTZIz4X7Ep4AaABAg,UJEYWipECEM,[MEN EXPERT] Peau fatiguÃ©e ? Reprenez l&#39;avantage avec le SÃ©rum Hydra Energetic,UCjgOxNP15FxIYknHYgUBUMQ,L'OrÃ©al Paris France,@saidameziani7297,UCD9ilE15ERULUYbgsQrY9Bw,â¤â¤â¤â¤â¤â¤â¤â¤â¤â¤ said,2024-07-05T03:19:36Z,2024-07-05T03:19:36Z,1,0,,False,â¤â¤â¤â¤â¤â¤â¤â¤â¤â¤ a dit,FI
UgwTVu0f78acmYQh3nF4AaABAg,UJEYWipECEM,[MEN EXPERT] Peau fatiguÃ©e ? Reprenez l&#39;avantage avec le SÃ©rum Hydra Energetic,UCjgOxNP15FxIYknHYgUBUMQ,L'OrÃ©al Paris France,@JehanTHOMAS,UC4Yk1JDJmoxNuk1ypSuftqw,"C&#39;est impactant, j&#39;aime bien.",2024-06-05T07:40:45Z,2024-06-05T07:40:45Z,0,1,,False,"C&#39;est impactant, j&#39;aime bien.",FR
UgzJgX31Q8yvQYlLutt4AaABAg,tH6B9Al7S28,[REVITALIFT FILLER] EFFICACITÃ‰ PROUVÃ‰E - Notre sÃ©rum NÂ°1 rÃ©duit les rides de 47% en 6 semaines,UCjgOxNP15FxIYknHYgUBUMQ,L'OrÃ©al Paris France,@fabriceclose8937,UCd8EVuxHWLIGT9947a3XTlg,ğŸ¥‡,2024-06-27T05:31:55Z,2024-06-27T05:31:55Z,0,0,,False,ğŸ¥‡,EN
Ugz82wwlD6sS5jlYWp54AaABAg,Z4ryy58gF1Q,[REVITALIFT FILLER] SÃ©rum &amp; SÃ©rum Yeux Revitalift Filler Ã  l&#39;Acide Hyaluronique,UCjgOxNP15FxIYknHYgUBUMQ,L'OrÃ©al Paris France,@saidameziani7297,UCD9ilE15ERULUYbgsQrY9Bw,â¤â¤â¤â¤â¤â¤â¤â¤â¤â¤ SaÃ¯da,2024-07-05T03:46:47Z,2024-07-05T03:46:47Z,0,0,,False,â¤â¤â¤â¤â¤â¤â¤â¤â¤â¤ SaÃ¯da,FR
UgwSITaoVRcRTRh-w4Z4AaABAg,Z4ryy58gF1Q,[REVITALIFT FILLER] SÃ©rum &amp; SÃ©rum Yeux Revitalift Filler Ã  l&#39;Acide Hyaluronique,UCjgOxNP15FxIYknHYgUBUMQ,L'OrÃ©al Paris France,@fabriceclose8937,UCd8EVuxHWLIGT9947a3XTlg,âœ¨,2024-06-27T05:31:43Z,2024-06-27T05:31:43Z,0,0,,False,âœ¨,EN
Ugz3smqpew3eJ7X_t5F4AaABAg,4w7xHw6Hq6g,REVITALIFT FILLER Notre SÃ©rum NÂ°1 est maintenant renforcÃ© Ã  lâ€™acide hyaluronique micro-Ã©pidermique,UCjgOxNP15FxIYknHYgUBUMQ,L'OrÃ©al Paris France,@fabriceclose8937,UCd8EVuxHWLIGT9947a3XTlg,ğŸ†,2024-06-27T05:32:05Z,2024-06-27T05:32:05Z,0,0,,False,ğŸ†,EN
UgxmCHrJIGhd0Vugr1d4AaABAg,1t0HcpzyQ5k,[REVITALIFT FILLER] SÃ©rum &amp; SÃ©rum Yeux Revitalift Filler Ã  l&#39;Acide Hyaluronique,UCjgOxNP15FxIYknHYgUBUMQ,L'OrÃ©al Paris France,@saidameziani7297,UCD9ilE15ERULUYbgsQrY9Bw,â¤â¤â¤â¤â¤â¤â¤said,2024-07-05T03:18:06Z,2024-07-05T03:18:06Z,2,0,,False,â¤â¤â¤â¤â¤â¤â¤said,EN
UgxQ92qVs-3TdJK8hU54AaABAg,1t0HcpzyQ5k,[REVITALIFT FILLER] SÃ©rum &amp; SÃ©rum Yeux Revitalift Filler Ã  l&#39;Acide Hyaluronique,UCjgOxNP15FxIYknHYgUBUMQ,L'OrÃ©al Paris France,@aichalamkadmi,UC9Pqh8bcxMzM5K0PPQfItUw,1356,2024-05-31T05:16:05Z,2024-05-31T05:16:05Z,2,0,,False,1356,EN
UgzhwrwpZJIwFk5PzQR4AaABAg,EzS9GJoQiwM,[REVITALIFT FILLER] SÃ©rum &amp; SÃ©rum Yeux Revitalift Filler Ã  l&#39;Acide Hyaluronique,UCjgOxNP15FxIYknHYgUBUMQ,L'OrÃ©al Paris France,@SarahPagin,UCpVSk2qiEQd3ixVL_tKx29Q,Je l&#39;utilise en humidifiant bien mon visage avant et ca hydrate vraiment trop bien â¤,2025-04-01T08:43:13Z,2025-04-01T08:43:13Z,0,0,,False,Je l&#39;utilise en humidifiant bien mon visage avant et ca hydrate vraiment trop bien â¤,FR
Ugx25iSTLTTQ17pbXQN4AaABAg,EzS9GJoQiwM,[REVITALIFT FILLER] SÃ©rum &amp; SÃ©rum Yeux Revitalift Filler Ã  l&#39;Acide Hyaluronique,UCjgOxNP15FxIYknHYgUBUMQ,L'OrÃ©al Paris France,@MonExpertCosmÃ©tique,UCpNGPL9W1k1aKy2-p_l6MJg,"DÃ©congestionne vraiment trÃ¨s bien par contre manque de confort, je dois mettre une crÃ¨me contour des yeux par dessus, mais pour lâ€™effet dÃ©fatigant il fait le job!ğŸ‘ğŸ»",2025-03-26T23:11:42Z,2025-03-26T23:11:42Z,1,0,,False,"DÃ©congestionne vraiment trÃ¨s bien par contre manque de confort, je dois mettre une crÃ¨me contour des yeux par dessus, mais pour lâ€™effet dÃ©fatigant il fait le job!ğŸ‘ğŸ»",FR
UgzwBKXp6F_7WQz5VUB4AaABAg,EzS9GJoQiwM,[REVITALIFT FILLER] SÃ©rum &amp; SÃ©rum Yeux Revitalift Filler Ã  l&#39;Acide Hyaluronique,UCjgOxNP15FxIYknHYgUBUMQ,L'OrÃ©al Paris France,@saidameziani7297,UCD9ilE15ERULUYbgsQrY9Bw,â¤â¤â¤â¤â¤â¤â¤â¤â¤â¤ SaÃ¯da,2024-07-05T03:47:20Z,2024-07-05T03:47:20Z,0,0,,False,â¤â¤â¤â¤â¤â¤â¤â¤â¤â¤ SaÃ¯da,FR
UgyQ36ZCYgdYBYi2V9t4AaABAg,EzS9GJoQiwM,[REVITALIFT FILLER] SÃ©rum &amp; SÃ©rum Yeux Revitalift Filler Ã  l&#39;Acide Hyaluronique,UCjgOxNP15FxIYknHYgUBUMQ,L'OrÃ©al Paris France,@Mr.Floppy7,UC-Rxh2zzO5HeMHXrcpt_N2w,HEHE GLITCH,2024-06-03T17:22:32Z,2024-06-03T17:22:32Z,0,0,,False,HEHE GLITCH,DE
Ugz32Zv4IKibVWlDcT54AaABAg,fmkrXZFyzN8,"[MEN EXPERT x ROMAIN ] Relevez tous vos dÃ©fis, faites lâ€™essai Lâ€™OrÃ©al Men Expert",UCjgOxNP15FxIYknHYgUBUMQ,L'OrÃ©al Paris France,@dinerooros,UCNOyvu0ud6Icgn96njFbang,guapo !!!,2024-09-16T05:10:04Z,2024-09-16T05:10:04Z,0,0,,False,guapo ! !!,PT
UgxNd1P8jUhnEvi53cl4AaABAg,fmkrXZFyzN8,"[MEN EXPERT x ROMAIN ] Relevez tous vos dÃ©fis, faites lâ€™essai Lâ€™OrÃ©al Men Expert",UCjgOxNP15FxIYknHYgUBUMQ,L'OrÃ©al Paris France,@saidameziani7297,UCD9ilE15ERULUYbgsQrY9Bw,â¤â¤â¤â¤â¤â¤â¤â¤â¤â¤ said,2024-07-05T03:18:59Z,2024-07-05T03:18:59Z,1,0,,False,â¤â¤â¤â¤â¤â¤â¤â¤â¤â¤ a dit,FI
Ugxa2XJjfr57DV1S0854AaABAg,qh2ws9cyhAs,[DREAM LONG] Cheveux lisses ou bouclÃ©s ? Donnez du style Ã  vos longueurs !,UCjgOxNP15FxIYknHYgUBUMQ,L'OrÃ©al Paris France,@Frenchgirlglam,UCA9Rwst2B9uQYuV1NFyRB1g,Je valide â¤ jâ€™ai postÃ© un avant aprÃ¨s incroyable ğŸ¤© merci lâ€™oreal paris,2025-08-03T19:07:44Z,2025-08-03T19:07:44Z,0,0,,False,Je valide â¤ jâ€™ai postÃ© un avant aprÃ¨s incroyable ğŸ¤© merci lâ€™oreal paris,FR
UgxNDVnRaND8oCDNQtN4AaABAg,ERlzQXiA80c,[DREAM LONG] Cheveux lisses ou bouclÃ©s ? Donnez du style Ã  vos longueurs !,UCjgOxNP15FxIYknHYgUBUMQ,L'OrÃ©al Paris France,@brou100,UCtfgjJA9v8xYJ4na02RquXw,J&#39;ai un conseil pour vous rasez-vous les cheveuxğŸ‘,2024-06-21T22:00:52Z,2024-06-21T22:00:52Z,0,1,,False,J&#39;ai un conseil pour vous rasez-vous les cheveuxğŸ‘,FR
UgyMPZI7MeJOicguzHh4AaABAg,ue0o1RIhJx4,[DREAM LONG] Cheveux lisses ou bouclÃ©s ? Donnez du style Ã  vos longueurs !,UCjgOxNP15FxIYknHYgUBUMQ,L'OrÃ©al Paris France,@fabriceclose8937,UCd8EVuxHWLIGT9947a3XTlg,ğŸ‰,2024-06-27T05:32:56Z,2024-06-27T05:32:56Z,0,0,,False,ğŸ‰,EN
UgyLk9lfw-bTtg_6PVd4AaABAg,eCEMTRNZiYs,[DREAM LONG] Cheveux lisses ou bouclÃ©s ? Donnez du style Ã  vos longueurs !,UCjgOxNP15FxIYknHYgUBUMQ,L'OrÃ©al Paris France,@saidameziani7297,UCD9ilE15ERULUYbgsQrY9Bw,â¤â¤â¤â¤â¤â¤â¤â¤ SaÃ¯da,2024-07-05T03:50:07Z,2024-07-05T03:50:07Z,1,0,,False,â¤â¤â¤â¤â¤â¤â¤â¤ SaÃ¯da,FR
UgwHBM4mVPh94IDlE5l4AaABAg,eCEMTRNZiYs,[DREAM LONG] Cheveux lisses ou bouclÃ©s ? Donnez du style Ã  vos longueurs !,UCjgOxNP15FxIYknHYgUBUMQ,L'OrÃ©al Paris France,@Mademoisellerosedemai,UCVImVcTuhVvV-zVIgdTwGWA,"Jâ€™aime beaucoup lâ€™aprÃ¨s shampooing ğŸ§´ et la crÃ¨me sans rinÃ§age comme finition, pour donner du style avec mon Dyson AirWrap. Vraiment mon coup de cÅ“ur Dream Long de ElsÃ¨veâ¤ï¸ğŸ˜» Mes cheveux sont incroyablement fortifiÃ©s, brillants, rÃ©parÃ©s et parfumÃ©s pendant 48 heures. Jâ€™en suis trÃ¨s contente et satisfaite ğŸ˜ŒğŸ‘ŒğŸ¼ğŸ‘ğŸ¼<br>Merci ğŸ™ğŸ¼ Lâ€™orÃ¨al ParisğŸ§´ğŸ‘„ğŸ’„ğŸŒ¸ğŸŒ¹â˜•ï¸ğŸ«¶ğŸ»ğŸŒ³ğŸŒğŸŒºğŸª»ğŸ€ğŸ¦‹ğŸğŸ",2024-04-04T08:36:22Z,2024-04-04T08:36:22Z,1,0,,False,"Jâ€™aime beaucoup lâ€™aprÃ¨s shampooing ğŸ§´ et la crÃ¨me sans rinÃ§age comme finition, pour donner du style avec mon Dyson AirWrap. Vraiment mon coup de cÅ“ur Dream Long de ElsÃ¨veâ¤ï¸ğŸ˜» Mes cheveux sont incroyablement fortifiÃ©s, brillants, rÃ©parÃ©s et parfumÃ©s pendant 48 heures. Jâ€™en suis trÃ¨s contente et satisfaite ğŸ˜ŒğŸ‘ŒğŸ¼ğŸ‘ğŸ¼<br>Merci ğŸ™ğŸ¼ Lâ€™orÃ¨al ParisğŸ§´ğŸ‘„ğŸ’„ğŸŒ¸ğŸŒ¹â˜•ï¸ğŸ«¶ğŸ»ğŸŒ³ğŸŒğŸŒºğŸª»ğŸ€ğŸ¦‹ğŸğŸ",FR
Ugwsce7NzEqHO_my7W54AaABAg,4PUiakoWKSM,DREAM LONG] Cheveux lisses ou bouclÃ©s ? Donnez du style Ã  vos longueurs !,UCjgOxNP15FxIYknHYgUBUMQ,L'OrÃ©al Paris France,@Mademoisellerosedemai,UCVImVcTuhVvV-zVIgdTwGWA,"Jâ€™aime beaucoup lâ€™aprÃ¨s shampooing ğŸ§´ et la crÃ¨me sans rinÃ§age comme finition, pour donner du style avec mon Dyson AirWrap. Vraiment mon coup de cÅ“ur Dream Long de ElsÃ¨veâ¤ï¸ğŸ˜» Mes cheveux sont incroyablement fortifiÃ©s, brillants, rÃ©parÃ©s et parfumÃ©s pendant 48 heures. Jâ€™en suis trÃ¨s contente et satisfaite ğŸ˜ŒğŸ‘ŒğŸ¼ğŸ‘ğŸ¼<br>Merci ğŸ™ğŸ¼ Lâ€™orÃ¨al ParisğŸ§´ğŸ‘„ğŸ’„ğŸŒ¸ğŸŒ¹â˜•ï¸ğŸ«¶ğŸ»ğŸŒ³ğŸŒğŸŒºğŸª»ğŸ€ğŸ¦‹ğŸğŸ",2024-04-04T08:38:35Z,2024-04-04T08:38:35Z,1,3,,False,"Jâ€™aime beaucoup lâ€™aprÃ¨s shampooing ğŸ§´ et la crÃ¨me sans rinÃ§age comme finition, pour donner du style avec mon Dyson AirWrap. Vraiment mon coup de cÅ“ur Dream Long de ElsÃ¨veâ¤ï¸ğŸ˜» Mes cheveux sont incroyablement fortifiÃ©s, brillants, rÃ©parÃ©s et parfumÃ©s pendant 48 heures. Jâ€™en suis trÃ¨s contente et satisfaite ğŸ˜ŒğŸ‘ŒğŸ¼ğŸ‘ğŸ¼<br>Merci ğŸ™ğŸ¼ Lâ€™orÃ¨al ParisğŸ§´ğŸ‘„ğŸ’„ğŸŒ¸ğŸŒ¹â˜•ï¸ğŸ«¶ğŸ»ğŸŒ³ğŸŒğŸŒºğŸª»ğŸ€ğŸ¦‹ğŸğŸ",FR
UgxmVJ4VJayoHBcKgbh4AaABAg,f8fTYpH2vrw,[DREAM LONG] Cheveux lisses ou bouclÃ©s ? Donnez du style Ã  vos longueurs !,UCjgOxNP15FxIYknHYgUBUMQ,L'OrÃ©al Paris France,@ZulaikaMoulaiamar,UCv5qmD6h8XZuvBCfg0_t8Mg,Fo.n<br>Impote.quoi.ğŸ˜…ğŸ˜…ğŸ˜…,2024-05-03T10:39:43Z,2024-05-03T10:39:43Z,0,0,,False,Fo.n<br>Impote.quoi.ğŸ˜…ğŸ˜…ğŸ˜…,FR
UgyngAkRVjhaRlD3I8J4AaABAg,f8fTYpH2vrw,[DREAM LONG] Cheveux lisses ou bouclÃ©s ? Donnez du style Ã  vos longueurs !,UCjgOxNP15FxIYknHYgUBUMQ,L'OrÃ©al Paris France,@lucycreusot6097,UC4ZOzYs3JtOwSGnHNktX0rQ,Je conseille cette gamme aprÃ¨s avoir  testÃ© ces produits mes cheveux  sont plus beaux<br> ğŸ’„ğŸ“¿ğŸ‘œâ˜•ï¸ğŸ¸ğŸ’ƒğŸŒ¹<br>   GRACIAS. ğŸ‘±â€â™€ï¸,2024-04-29T16:19:32Z,2024-04-29T16:19:32Z,1,1,,False,Je conseille cette gamme aprÃ¨s avoir testÃ© ces produits mes cheveux sont plus beaux<br> ğŸ’„ğŸ“¿ğŸ‘œâ˜•ï¸ğŸ¸ğŸ’ƒğŸŒ¹<br> GRACIAS. ğŸ‘±â€â™€ï¸,FR
UgwzCYv82tKD2DpgPEl4AaABAg,f8fTYpH2vrw,[DREAM LONG] Cheveux lisses ou bouclÃ©s ? Donnez du style Ã  vos longueurs !,UCjgOxNP15FxIYknHYgUBUMQ,L'OrÃ©al Paris France,@Mademoisellerosedemai,UCVImVcTuhVvV-zVIgdTwGWA,"Jâ€™aime beaucoup lâ€™aprÃ¨s shampooing ğŸ§´ et la crÃ¨me sans rinÃ§age comme finition, pour donner du style avec mon Dyson AirWrap. Vraiment mon coup de cÅ“ur Dream Long de ElsÃ¨veâ¤ï¸ğŸ˜» Mes cheveux sont incroyablement fortifiÃ©s, brillants, rÃ©parÃ©s et parfumÃ©s pendant 48 heures. Jâ€™en suis trÃ¨s contente et satisfaite ğŸ˜ŒğŸ‘ŒğŸ¼ğŸ‘ğŸ¼<br>Merci ğŸ™ğŸ¼ Lâ€™orÃ¨al ParisğŸ§´ğŸ‘„ğŸ’„ğŸŒ¸ğŸŒ¹â˜•ï¸ğŸ«¶ğŸ»ğŸŒ³ğŸŒğŸŒºğŸª»ğŸ€ğŸ¦‹ğŸğŸ",2024-04-04T08:39:21Z,2024-04-04T08:39:21Z,4,0,,False,"Jâ€™aime beaucoup lâ€™aprÃ¨s shampooing ğŸ§´ et la crÃ¨me sans rinÃ§age comme finition, pour donner du style avec mon Dyson AirWrap. Vraiment mon coup de cÅ“ur Dream Long de ElsÃ¨veâ¤ï¸ğŸ˜» Mes cheveux sont incroyablement fortifiÃ©s, brillants, rÃ©parÃ©s et parfumÃ©s pendant 48 heures. Jâ€™en suis trÃ¨s contente et satisfaite ğŸ˜ŒğŸ‘ŒğŸ¼ğŸ‘ğŸ¼<br>Merci ğŸ™ğŸ¼ Lâ€™orÃ¨al ParisğŸ§´ğŸ‘„ğŸ’„ğŸŒ¸ğŸŒ¹â˜•ï¸ğŸ«¶ğŸ»ğŸŒ³ğŸŒğŸŒºğŸª»ğŸ€ğŸ¦‹ğŸğŸ",FR
Ugyew0_G-DgquDcwiwN4AaABAg,rKO_wlIdUpw,[DREAM LONG] Cheveux lisses ou bouclÃ©s ? Donnez du style Ã  vos longueurs !,UCjgOxNP15FxIYknHYgUBUMQ,L'OrÃ©al Paris France,@Mademoisellerosedemai,UCVImVcTuhVvV-zVIgdTwGWA,"Jâ€™aime beaucoup lâ€™aprÃ¨s shampooing ğŸ§´ et la crÃ¨me sans rinÃ§age comme finition, pour donner du style avec mon Dyson AirWrap. Vraiment mon coup de cÅ“ur Dream Long de ElsÃ¨veâ¤ï¸ğŸ˜» Mes cheveux sont incroyablement fortifiÃ©s, brillants, rÃ©parÃ©s et parfumÃ©s pendant 48 heures. Jâ€™en suis trÃ¨s contente et satisfaite ğŸ˜ŒğŸ‘ŒğŸ¼ğŸ‘ğŸ¼<br>Merci ğŸ™ğŸ¼ Lâ€™orÃ¨al ParisğŸ§´ğŸ‘„ğŸ’„ğŸŒ¸ğŸŒ¹â˜•ï¸ğŸ«¶ğŸ»ğŸŒ³ğŸŒğŸŒºğŸª»ğŸ€ğŸ¦‹ğŸğŸ",2024-04-04T08:39:52Z,2024-04-04T08:39:52Z,5,1,,False,"Jâ€™aime beaucoup lâ€™aprÃ¨s shampooing ğŸ§´ et la crÃ¨me sans rinÃ§age comme finition, pour donner du style avec mon Dyson AirWrap. Vraiment mon coup de cÅ“ur Dream Long de ElsÃ¨veâ¤ï¸ğŸ˜» Mes cheveux sont incroyablement fortifiÃ©s, brillants, rÃ©parÃ©s et parfumÃ©s pendant 48 heures. Jâ€™en suis trÃ¨s contente et satisfaite ğŸ˜ŒğŸ‘ŒğŸ¼ğŸ‘ğŸ¼<br>Merci ğŸ™ğŸ¼ Lâ€™orÃ¨al ParisğŸ§´ğŸ‘„ğŸ’„ğŸŒ¸ğŸŒ¹â˜•ï¸ğŸ«¶ğŸ»ğŸŒ³ğŸŒğŸŒºğŸª»ğŸ€ğŸ¦‹ğŸğŸ",FR
UgzwTFkt3vs5p1BhoVJ4AaABAg,8NAdQD7Z55E,[DREAM LONG] Cheveux lisses ou bouclÃ©s ? Donnez du style Ã  vos longueurs !,UCjgOxNP15FxIYknHYgUBUMQ,L'OrÃ©al Paris France,@Mademoisellerosedemai,UCVImVcTuhVvV-zVIgdTwGWA,"Jâ€™aime beaucoup lâ€™aprÃ¨s shampooing ğŸ§´ et la crÃ¨me sans rinÃ§age comme finition, pour donner du style avec mon Dyson AirWrap. Vraiment mon coup de cÅ“ur Dream Long de ElsÃ¨veâ¤ï¸ğŸ˜» Mes cheveux sont incroyablement fortifiÃ©s, brillants, rÃ©parÃ©s et parfumÃ©s pendant 48 heures. Jâ€™en suis trÃ¨s contente et satisfaite ğŸ˜ŒğŸ‘ŒğŸ¼ğŸ‘ğŸ¼<br>Merci ğŸ™ğŸ¼ Lâ€™orÃ¨al ParisğŸ§´ğŸ‘„ğŸ’„ğŸŒ¸ğŸŒ¹â˜•ï¸ğŸ«¶ğŸ»ğŸŒ³ğŸŒğŸŒºğŸª»ğŸ€ğŸ¦‹ğŸğŸ",2024-04-04T08:38:58Z,2024-04-04T08:38:58Z,1,0,,False,"Jâ€™aime beaucoup lâ€™aprÃ¨s shampooing ğŸ§´ et la crÃ¨me sans rinÃ§age comme finition, pour donner du style avec mon Dyson AirWrap. Vraiment mon coup de cÅ“ur Dream Long de ElsÃ¨veâ¤ï¸ğŸ˜» Mes cheveux sont incroyablement fortifiÃ©s, brillants, rÃ©parÃ©s et parfumÃ©s pendant 48 heures. Jâ€™en suis trÃ¨s contente et satisfaite ğŸ˜ŒğŸ‘ŒğŸ¼ğŸ‘ğŸ¼<br>Merci ğŸ™ğŸ¼ Lâ€™orÃ¨al ParisğŸ§´ğŸ‘„ğŸ’„ğŸŒ¸ğŸŒ¹â˜•ï¸ğŸ«¶ğŸ»ğŸŒ³ğŸŒğŸŒºğŸª»ğŸ€ğŸ¦‹ğŸğŸ",FR
UgzfAN-jeY9taYnrjsp4AaABAg,qLywWjEnHrw,[INFAILLIBLE] Le fond de teint en poudre,UCjgOxNP15FxIYknHYgUBUMQ,L'OrÃ©al Paris France,@FatouBokwetenge,UCF7TZYj8o3zQN6PD-B9aIvQ,L adresse c oÃ¹,2024-10-10T13:52:30Z,2024-10-10T13:52:30Z,0,0,,False,L adresse c oÃ¹,FR
Ugw32YimVjXbKfnWYA94AaABAg,DQ5CMg1nito,[INFAILLIBLE] Nouveau Spray Fixateur de Maquillage,UCjgOxNP15FxIYknHYgUBUMQ,L'OrÃ©al Paris France,@jenniferlopez3554,UCzvUq55zvHOjDIdtrG_VRFg,Â« Lâ€™ORÃ‰AL â€¦ BECAUSE Iâ€™M WORTH WITH IT Â» ğŸ¤©,2024-04-14T14:45:35Z,2024-04-14T14:45:35Z,1,0,,False,Â« Lâ€™ORÃ‰AL â€¦ BECAUSE Iâ€™M WORTH WITH IT Â» ğŸ¤©,FR
UgykmeGpnxvbeqOh-nJ4AaABAg,FVnlE-hTzMY,[BRIGHT REVEAL] Nouveau Peeling Exfoliant,UCjgOxNP15FxIYknHYgUBUMQ,L'OrÃ©al Paris France,@miriameennachi3025,UCYo872KpyFZc9Bjr72ef6GQ,Iujkkn,2024-04-14T12:17:55Z,2024-04-14T12:17:55Z,0,0,,False,Iujkkn,EN
UgxSXZG2Aa6BYsyw2TZ4AaABAg,zscNZX9jx7M,[BRIGHT REVEAL] Nouveau Peeling Exfoliant,UCjgOxNP15FxIYknHYgUBUMQ,L'OrÃ©al Paris France,@saidameziani7297,UCD9ilE15ERULUYbgsQrY9Bw,â¤â¤â¤â¤â¤â¤â¤â¤â¤â¤â¤ said,2024-07-05T03:35:24Z,2024-07-05T03:35:24Z,1,0,,False,â¤â¤â¤â¤â¤â¤â¤â¤â¤â¤â¤ a dit,FI
UgzHCKSkMuRtW8M-kcl4AaABAg,zscNZX9jx7M,[BRIGHT REVEAL] Nouveau Peeling Exfoliant,UCjgOxNP15FxIYknHYgUBUMQ,L'OrÃ©al Paris France,@phandieuvan2807,UC0P-82j8-ubZU_znvEHcIbQ,â¤â¤â¤,2024-04-12T12:17:40Z,2024-04-12T12:17:40Z,0,0,,False,â¤â¤â¤,EN
UgzmstkY0TwKCHru4JZ4AaABAg,as9UyN4Hmac,[BRIGHT REVEAL] Nouveau SÃ©rum Anti-Taches,UCjgOxNP15FxIYknHYgUBUMQ,L'OrÃ©al Paris France,@saidameziani7297,UCD9ilE15ERULUYbgsQrY9Bw,â¤â¤â¤â¤â¤â¤â¤â¤â¤â¤saida,2024-07-05T03:48:31Z,2024-07-05T03:48:31Z,1,0,,False,â¤â¤â¤â¤â¤â¤â¤â¤â¤â¤saida,FI
Ugye1YqhIMY3xVww0d14AaABAg,Axx9UncvNY8,[BRIGHT REVEAL] Nouveau Protocole Anti-Taches,UCjgOxNP15FxIYknHYgUBUMQ,L'OrÃ©al Paris France,@saidameziani7297,UCD9ilE15ERULUYbgsQrY9Bw,â¤â¤â¤â¤â¤â¤â¤â¤â¤â¤ said,2024-07-05T03:22:35Z,2024-07-05T03:22:35Z,1,0,,False,â¤â¤â¤â¤â¤â¤â¤â¤â¤â¤ a dit,FI
UgyZTI5YD44TdwH9qVx4AaABAg,e9N_Sc2Sv08,[BRIGHT REVEAL] Nouveau SÃ©rum Anti-Taches,UCjgOxNP15FxIYknHYgUBUMQ,L'OrÃ©al Paris France,@evelynepotter6539,UC7FR804BQ_hZmi74yyo_DOQ,il est vraiment tres bienâ¤â¤,2025-03-02T01:07:27Z,2025-03-02T01:07:27Z,0,0,,False,il est vraiment tres bienâ¤â¤,FR
Ugx0_mre7dHlGWtWGGN4AaABAg,ZdwcNxF4EZQ,[BRIGHT REVEAL] Nouveau SÃ©rum Anti-Taches,UCjgOxNP15FxIYknHYgUBUMQ,L'OrÃ©al Paris France,@zahrabehidj7899,UC1xssaFayDcbeMjpCwFMbyQ,Svp ce sÃ©rum je l&#39;utilise le  Soir  ou le matin,2024-12-21T11:03:26Z,2024-12-21T11:03:26Z,0,0,,False,Svp ce sÃ©rum je l&#39;utilise le Soir ou le matin,FR
UgyU0amwnfgYCHX9toZ4AaABAg,ZdwcNxF4EZQ,[BRIGHT REVEAL] Nouveau SÃ©rum Anti-Taches,UCjgOxNP15FxIYknHYgUBUMQ,L'OrÃ©al Paris France,@saidameziani7297,UCD9ilE15ERULUYbgsQrY9Bw,â¤â¤â¤â¤â¤â¤â¤â¤â¤â¤â¤ SaÃ¯da,2024-07-05T03:49:32Z,2024-07-05T03:49:32Z,0,0,,False,â¤â¤â¤â¤â¤â¤â¤â¤â¤â¤â¤ SaÃ¯da,FR
Ugy4KW-9vhlMvF2VuwZ4AaABAg,VQzyBbzOnWw,DÃ©couvrez la gamme Elseve Glycolic Gloss âœ¨,UCjgOxNP15FxIYknHYgUBUMQ,L'OrÃ©al Paris France,@saidameziani7297,UCD9ilE15ERULUYbgsQrY9Bw,â¤â¤â¤â¤â¤â¤â¤â¤ SaÃ¯d,2024-07-05T03:31:24Z,2024-07-05T03:31:24Z,2,0,,False,â¤â¤â¤â¤â¤â¤â¤â¤ SaÃ¯d,FR
Ugy8XztW8F9krmGxorN4AaABAg,VQzyBbzOnWw,DÃ©couvrez la gamme Elseve Glycolic Gloss âœ¨,UCjgOxNP15FxIYknHYgUBUMQ,L'OrÃ©al Paris France,@Bakugo-nd7bv,UC-RrJMvZ9xz7XrkJxKMaCPA,Free Palestine ğŸ‡µğŸ‡¸ğŸ‡µğŸ‡¸ğŸ‡µğŸ‡¸,2024-04-09T16:33:42Z,2024-04-09T16:33:42Z,9,2,,False,Palestine libre ğŸ‡µğŸ‡¸ğŸ‡µğŸ‡¸ğŸ‡µğŸ‡¸,EN
UgxUT72boBHgjG4rO_Z4AaABAg,VQzyBbzOnWw,DÃ©couvrez la gamme Elseve Glycolic Gloss âœ¨,UCjgOxNP15FxIYknHYgUBUMQ,L'OrÃ©al Paris France,@ameliebournazel6229,UCnohzpo0hSUTdqD8EO2DSlQ,C&#39;est qui la fille ?,2024-03-22T20:41:30Z,2024-03-22T20:41:30Z,4,3,,False,C&#39;est qui la fille ?,FR
Ugw3PF0zip_Kc1hX_vF4AaABAg,f1uQCEMf7FY,[NOUVEAU] Mascara Panorama pour une volume panoramique sans paquet,UCjgOxNP15FxIYknHYgUBUMQ,L'OrÃ©al Paris France,@baldassarealessi1007,UCUVPy2wO-OvaZDUqvCKXTsg,Thank you,2024-12-28T11:16:11Z,2024-12-28T11:16:11Z,0,0,,False,Merci de votre attention,EN
UgxRhqFaewSeL89v7x54AaABAg,Sga4IBtYsZA,[NOUVEAU] Mascara Panorama. Formule ultra flexible pour un volume panoramique,UCjgOxNP15FxIYknHYgUBUMQ,L'OrÃ©al Paris France,@baldassarealessi1007,UCUVPy2wO-OvaZDUqvCKXTsg,Thank you,2024-12-28T11:14:49Z,2024-12-28T11:14:49Z,0,0,,False,Merci de votre attention,EN
Ugyz4KeGF965xOTAxqh4AaABAg,Sga4IBtYsZA,[NOUVEAU] Mascara Panorama. Formule ultra flexible pour un volume panoramique,UCjgOxNP15FxIYknHYgUBUMQ,L'OrÃ©al Paris France,@M_d0202-b,UC04P9eSR4MksV2FY15skCrw,Omg itâ€™s Kendall ! Good choice !,2024-08-28T21:36:05Z,2024-08-28T21:36:05Z,6,0,,False,Omg c'est Kendall ! Bon choix !,EN
